id,username,email,created_at
1,harboruplink21,harboruplink21@hackstack.io,2025-01-08 21:11:35
2,quietjourney88,quietjourney88@relay.cloud,2024-01-01 22:59:51
3,jadeanchor12,jadeanchor12@hackstack.io,2024-07-19 23:23:50
4,keenvalley63,keenvalley63@hackstack.io,2025-12-13 05:28:06
5,emberengine48,emberengine48@relay.cloud,2024-05-30 18:30:01
6,mellowkernel95,mellowkernel95@opswise.net,2025-07-10 10:44:25
7,cobaltharvest34,cobaltharvest34@hackstack.io,2024-02-25 02:34:18
8,mellowriver51,mellowriver51@seeded.app,2025-09-20 00:15:09
9,quietpioneer62,quietpioneer62@seeded.app,2026-01-11 23:43:57
10,mellowengine74,mellowengine74@example.com,2024-11-30 18:13:02
11,keenwindow91,keenwindow91@acme.dev,2024-03-17 17:50:35
12,ivoryriver77,ivoryriver77@opswise.net,2026-01-19 23:10:57
13,ivorynetwork99,ivorynetwork99@hackstack.io,2024-06-30 22:31:04
14,ambervalley27,ambervalley27@relay.cloud,2025-09-29 15:48:02
15,dawnlagoon95,dawnlagoon95@example.com,2024-01-06 20:42:54
16,jadedelta86,jadedelta86@relay.cloud,2024-03-27 06:36:28
17,warmjourney61,warmjourney61@seeded.app,2025-05-04 14:50:22
18,navymeadow22,navymeadow22@seeded.app,2026-01-23 07:21:04
19,rapidanchor90,rapidanchor90@example.com,2025-05-02 13:34:08
20,cobaltlagoon79,cobaltlagoon79@hackstack.io,2024-08-11 13:59:03
21,jadefield88,jadefield88@seeded.app,2024-07-29 06:36:06
22,silverbeacon36,silverbeacon36@relay.cloud,2024-10-03 11:01:44
23,warmfield89,warmfield89@seeded.app,2025-09-02 08:20:42
24,jadeisland07,jadeisland07@relay.cloud,2025-08-27 23:51:24
25,amberkernel60,amberkernel60@seeded.app,2024-08-09 05:27:42
26,opalvalley57,opalvalley57@seeded.app,2025-01-19 05:47:02
27,harborkernel25,harborkernel25@opswise.net,2025-04-27 03:38:26
28,tidydelta46,tidydelta46@hackstack.io,2025-01-18 19:07:47
29,youngorbit26,youngorbit26@seeded.app,2025-07-29 01:13:30
30,harborgarden82,harborgarden82@relay.cloud,2024-10-16 02:33:11
31,tidyzenith83,tidyzenith83@example.com,2025-10-30 03:36:19
32,mellowbeacon26,mellowbeacon26@seeded.app,2025-04-04 21:56:25
33,opalnetwork94,opalnetwork94@seeded.app,2024-10-02 00:43:43
34,briskyard40,briskyard40@example.com,2025-08-12 21:56:21
35,briskbeacon53,briskbeacon53@example.com,2025-05-11 20:25:09
36,forestyard20,forestyard20@relay.cloud,2024-03-26 01:25:12
37,silveranchor21,silveranchor21@seeded.app,2025-06-19 19:35:59
38,harborengine96,harborengine96@hackstack.io,2025-02-08 19:10:40
39,urbanpioneer17,urbanpioneer17@acme.dev,2026-02-01 03:49:20
40,tidywindow55,tidywindow55@hackstack.io,2025-04-18 01:49:28
41,briskbeacon22,briskbeacon22@example.com,2025-02-22 03:20:56
42,tidyuplink37,tidyuplink37@acme.dev,2025-03-18 23:04:00
43,harborcanyon11,harborcanyon11@acme.dev,2024-11-26 19:32:22
44,quietdelta08,quietdelta08@seeded.app,2025-04-18 11:49:08
45,golddelta80,golddelta80@seeded.app,2025-04-12 00:31:32
46,golduplink74,golduplink74@acme.dev,2025-05-06 13:25:06
47,cobaltgarden60,cobaltgarden60@example.com,2024-02-13 03:34:43
48,clearuplink28,clearuplink28@example.com,2025-12-29 11:10:15
49,clearvalley76,clearvalley76@opswise.net,2025-01-27 01:15:03
50,navymeadow11,navymeadow11@opswise.net,2024-01-08 02:14:55
51,harborsignal57,harborsignal57@example.com,2024-06-24 13:58:35
52,vividpioneer27,vividpioneer27@relay.cloud,2024-05-13 12:06:51
53,amberlagoon95,amberlagoon95@hackstack.io,2025-07-11 00:16:46
54,cobaltquartz33,cobaltquartz33@hackstack.io,2024-01-19 21:22:47
55,proudyard83,proudyard83@example.com,2025-08-19 18:27:45
56,harborbeacon31,harborbeacon31@hackstack.io,2025-09-27 12:11:01
57,younguplink49,younguplink49@relay.cloud,2025-08-01 00:59:04
58,goldbeacon07,goldbeacon07@opswise.net,2025-10-15 04:48:41
59,youngharvest76,youngharvest76@relay.cloud,2024-03-06 15:08:46
60,tidyuplink17,tidyuplink17@hackstack.io,2024-10-01 15:26:03
61,embergarden34,embergarden34@seeded.app,2024-11-09 02:29:20
62,livelybeacon11,livelybeacon11@opswise.net,2025-01-16 20:06:40
63,youngbeacon59,youngbeacon59@acme.dev,2024-11-07 15:28:12
64,calmtrail00,calmtrail00@example.com,2025-11-24 02:33:51
65,tidyfield06,tidyfield06@hackstack.io,2026-01-09 05:47:41
66,opalmeadow78,opalmeadow78@opswise.net,2024-10-04 15:12:51
67,younggarden60,younggarden60@example.com,2024-11-06 03:08:31
68,rapidlagoon75,rapidlagoon75@opswise.net,2024-06-26 12:41:24
69,jadeisland16,jadeisland16@acme.dev,2025-03-13 01:17:13
70,silveruplink67,silveruplink67@relay.cloud,2024-11-12 02:25:41
71,warmlagoon85,warmlagoon85@example.com,2024-12-21 07:03:59
72,mellowtrail58,mellowtrail58@hackstack.io,2025-12-15 02:52:25
73,emberengine93,emberengine93@example.com,2024-10-04 03:25:13
74,goldyard50,goldyard50@acme.dev,2025-02-05 10:24:29
75,tidyquartz10,tidyquartz10@opswise.net,2024-06-14 23:58:52
76,navycanyon01,navycanyon01@acme.dev,2025-03-30 05:51:46
77,urbanbeacon65,urbanbeacon65@example.com,2024-03-22 21:56:39
78,urbanriver92,urbanriver92@relay.cloud,2025-12-31 20:27:05
79,silverisland44,silverisland44@hackstack.io,2024-07-28 12:32:03
80,amberorbit04,amberorbit04@acme.dev,2024-05-21 05:41:53
81,dawnsignal33,dawnsignal33@seeded.app,2025-10-03 05:49:15
82,jadelagoon84,jadelagoon84@opswise.net,2025-01-24 10:25:45
83,vividquartz11,vividquartz11@hackstack.io,2025-10-15 19:34:20
84,cobaltcanyon82,cobaltcanyon82@hackstack.io,2024-05-25 22:31:54
85,quietdelta90,quietdelta90@hackstack.io,2025-10-16 16:06:16
86,silverorbit98,silverorbit98@opswise.net,2024-07-05 08:22:07
87,opalnetwork75,opalnetwork75@relay.cloud,2024-12-14 09:19:03
88,tidyanchor56,tidyanchor56@acme.dev,2024-08-24 05:23:54
89,emberengine32,emberengine32@example.com,2025-08-03 11:22:13
90,dawnkernel77,dawnkernel77@acme.dev,2024-01-15 03:06:15
91,jadenetwork97,jadenetwork97@relay.cloud,2025-06-25 03:44:58
92,rapidlagoon38,rapidlagoon38@example.com,2025-05-02 05:43:51
93,proudriver13,proudriver13@seeded.app,2025-08-18 08:48:23
94,urbannetwork47,urbannetwork47@opswise.net,2024-10-26 21:27:55
95,cobaltisland96,cobaltisland96@hackstack.io,2024-11-13 16:21:29
96,dawnmeadow56,dawnmeadow56@relay.cloud,2025-07-16 17:28:19
97,rapidkernel27,rapidkernel27@hackstack.io,2024-06-09 06:56:40
98,harboranchor47,harboranchor47@hackstack.io,2026-01-30 19:25:00
99,briskharvest24,briskharvest24@seeded.app,2024-04-04 02:56:12
100,calmuplink56,calmuplink56@seeded.app,2025-11-15 17:27:53
101,silverfield90,silverfield90@opswise.net,2026-01-21 21:09:28
102,ivorywindow04,ivorywindow04@relay.cloud,2024-12-25 14:57:56
103,youngnetwork95,youngnetwork95@example.com,2024-11-13 06:20:03
104,vividisland14,vividisland14@acme.dev,2024-12-19 03:40:37
105,quietjourney60,quietjourney60@relay.cloud,2025-10-30 08:26:36
106,keenengine88,keenengine88@example.com,2025-07-06 17:28:57
107,proudfield24,proudfield24@opswise.net,2025-04-06 06:02:13
108,emberisland07,emberisland07@hackstack.io,2025-08-14 23:19:37
109,cobaltengine80,cobaltengine80@relay.cloud,2025-02-27 06:59:22
110,quietkernel43,quietkernel43@hackstack.io,2024-12-06 08:09:23
111,dawndelta48,dawndelta48@relay.cloud,2024-09-25 16:15:31
112,rapidorbit27,rapidorbit27@opswise.net,2025-09-19 19:17:24
113,dawnkernel81,dawnkernel81@seeded.app,2025-01-13 22:49:21
114,rapidvalley71,rapidvalley71@opswise.net,2024-11-09 23:31:37
115,emberdelta79,emberdelta79@hackstack.io,2026-01-12 11:14:49
116,keenisland17,keenisland17@acme.dev,2025-06-29 17:52:51
117,goldquartz39,goldquartz39@acme.dev,2024-03-14 21:23:58
118,jadepioneer85,jadepioneer85@opswise.net,2025-11-29 09:11:55
119,forestyard47,forestyard47@seeded.app,2025-11-22 05:35:58
120,clearquartz01,clearquartz01@relay.cloud,2025-03-24 15:52:31
121,clearharvest09,clearharvest09@seeded.app,2024-03-29 21:13:35
122,youngengine59,youngengine59@seeded.app,2025-02-12 18:44:43
123,harboranchor50,harboranchor50@opswise.net,2025-02-03 18:25:47
124,urbancanyon41,urbancanyon41@example.com,2025-04-09 18:17:25
125,livelyengine04,livelyengine04@opswise.net,2026-01-31 15:43:58
126,jadepioneer65,jadepioneer65@opswise.net,2024-07-13 22:17:51
127,jadewindow42,jadewindow42@example.com,2025-09-17 14:51:18
128,urbannetwork14,urbannetwork14@example.com,2025-11-14 20:24:12
129,ivorykernel09,ivorykernel09@relay.cloud,2025-02-18 05:21:40
130,jademeadow13,jademeadow13@opswise.net,2025-11-18 07:04:54
131,livelypioneer17,livelypioneer17@opswise.net,2025-08-11 05:28:53
132,clearorbit48,clearorbit48@relay.cloud,2024-04-26 16:03:24
133,livelytrail94,livelytrail94@acme.dev,2024-08-19 10:35:05
134,forestsignal23,forestsignal23@relay.cloud,2024-07-29 13:11:35
135,clearvalley08,clearvalley08@acme.dev,2024-11-09 08:13:59
136,harborquartz09,harborquartz09@relay.cloud,2024-11-11 06:37:07
137,calmjourney27,calmjourney27@opswise.net,2024-04-17 15:19:52
138,clearanchor03,clearanchor03@opswise.net,2024-11-07 08:01:25
139,tidywindow62,tidywindow62@hackstack.io,2026-01-07 09:32:46
140,quietpioneer51,quietpioneer51@opswise.net,2024-12-03 19:51:16
141,urbanisland44,urbanisland44@hackstack.io,2025-01-17 11:17:57
142,silverquartz54,silverquartz54@opswise.net,2024-05-27 17:05:41
143,clearisland96,clearisland96@opswise.net,2024-02-06 12:25:17
144,mellowgarden06,mellowgarden06@relay.cloud,2024-05-12 02:33:07
145,tidyisland35,tidyisland35@seeded.app,2024-06-07 07:21:28
146,harborgarden20,harborgarden20@example.com,2024-10-22 18:36:22
147,urbanmeadow03,urbanmeadow03@example.com,2024-10-07 13:31:42
148,clearquartz33,clearquartz33@acme.dev,2025-02-18 22:30:48
149,urbansignal53,urbansignal53@hackstack.io,2026-01-08 08:13:10
150,ivoryriver97,ivoryriver97@opswise.net,2025-04-07 09:05:18
151,harbormeadow71,harbormeadow71@relay.cloud,2024-12-03 03:38:29
152,rapidvalley98,rapidvalley98@opswise.net,2025-03-31 21:53:27
153,rapidriver84,rapidriver84@seeded.app,2024-01-21 21:47:03
154,calmuplink54,calmuplink54@acme.dev,2025-11-15 22:40:19
155,clearengine30,clearengine30@acme.dev,2024-07-17 10:21:58
156,emberquartz31,emberquartz31@example.com,2025-01-15 15:56:12
157,navyisland24,navyisland24@relay.cloud,2024-04-28 17:57:25
158,mellowquartz83,mellowquartz83@seeded.app,2025-07-08 18:40:26
159,goldyard51,goldyard51@seeded.app,2024-03-02 22:32:19
160,calmlagoon57,calmlagoon57@example.com,2024-05-10 18:39:09
161,rapidnetwork54,rapidnetwork54@relay.cloud,2025-08-19 06:22:03
162,warmgarden90,warmgarden90@hackstack.io,2024-12-23 08:52:37
163,emberbeacon63,emberbeacon63@example.com,2024-04-03 00:22:32
164,proudorbit14,proudorbit14@seeded.app,2024-02-06 06:37:10
165,briskgarden09,briskgarden09@example.com,2025-01-20 03:11:00
166,dawngarden72,dawngarden72@seeded.app,2025-12-04 18:10:04
167,livelyvalley40,livelyvalley40@opswise.net,2024-01-04 21:45:24
168,jadekernel89,jadekernel89@seeded.app,2024-02-24 19:25:59
169,amberorbit14,amberorbit14@opswise.net,2025-06-17 05:17:11
170,mellowgarden36,mellowgarden36@relay.cloud,2024-10-22 14:11:43
171,amberkernel68,amberkernel68@seeded.app,2025-08-18 22:45:28
172,amberfield97,amberfield97@acme.dev,2024-09-03 13:31:53
173,opalanchor35,opalanchor35@acme.dev,2024-01-17 09:03:34
174,mellowbeacon99,mellowbeacon99@seeded.app,2025-12-14 05:03:26
175,opaljourney66,opaljourney66@hackstack.io,2025-08-25 19:54:11
176,keendelta78,keendelta78@example.com,2024-11-05 03:53:02
177,emberuplink98,emberuplink98@relay.cloud,2024-06-02 20:10:13
178,mellowzenith04,mellowzenith04@seeded.app,2024-04-25 13:07:04
179,warmriver53,warmriver53@opswise.net,2025-08-26 08:49:46
180,embernetwork05,embernetwork05@acme.dev,2025-09-27 20:23:19
181,proudharvest21,proudharvest21@acme.dev,2025-09-09 15:41:47
182,calmorbit83,calmorbit83@opswise.net,2025-12-29 18:19:45
183,ivoryriver17,ivoryriver17@hackstack.io,2025-01-11 05:34:08
184,mellowquartz97,mellowquartz97@hackstack.io,2025-03-27 13:41:36
185,urbansignal32,urbansignal32@hackstack.io,2025-09-05 10:04:37
186,mellowtrail88,mellowtrail88@seeded.app,2025-01-03 00:49:24
187,warmwindow05,warmwindow05@opswise.net,2024-04-21 02:30:07
188,silversignal51,silversignal51@relay.cloud,2025-09-02 13:48:28
189,calmpioneer87,calmpioneer87@seeded.app,2025-09-21 11:36:34
190,forestpioneer30,forestpioneer30@example.com,2024-01-23 19:44:18
191,tidypioneer43,tidypioneer43@relay.cloud,2024-05-05 06:16:51
192,clearmeadow94,clearmeadow94@hackstack.io,2025-03-31 16:09:12
193,youngquartz41,youngquartz41@opswise.net,2025-09-30 01:03:08
194,vividwindow84,vividwindow84@opswise.net,2025-03-11 11:45:55
195,urbanengine64,urbanengine64@relay.cloud,2024-08-08 06:56:02
196,embercanyon12,embercanyon12@hackstack.io,2025-11-24 18:26:00
197,rapiddelta34,rapiddelta34@opswise.net,2025-05-17 02:59:22
198,vividdelta24,vividdelta24@seeded.app,2025-07-18 17:05:35
199,opalcanyon26,opalcanyon26@acme.dev,2025-04-05 19:52:49
200,youngzenith45,youngzenith45@relay.cloud,2025-07-27 22:29:22
201,briskjourney99,briskjourney99@seeded.app,2024-01-20 19:53:58
202,forestriver67,forestriver67@relay.cloud,2025-02-06 22:57:49
203,rapiddelta59,rapiddelta59@relay.cloud,2025-10-07 04:18:23
204,tidyisland81,tidyisland81@seeded.app,2026-01-26 00:29:52
205,silvernetwork44,silvernetwork44@relay.cloud,2025-11-11 09:18:00
206,brisktrail16,brisktrail16@seeded.app,2025-06-22 07:18:54
207,forestorbit40,forestorbit40@acme.dev,2024-11-20 02:07:11
208,keenuplink29,keenuplink29@seeded.app,2025-10-17 21:28:53
209,silverriver99,silverriver99@acme.dev,2024-05-17 08:54:15
210,proudorbit24,proudorbit24@acme.dev,2026-01-15 02:37:54
211,warmorbit54,warmorbit54@hackstack.io,2025-01-22 15:25:16
212,cobaltdelta89,cobaltdelta89@acme.dev,2024-11-21 17:40:22
213,vividuplink65,vividuplink65@acme.dev,2025-01-06 20:34:52
214,forestcanyon76,forestcanyon76@acme.dev,2024-06-30 02:17:56
215,keenmeadow79,keenmeadow79@hackstack.io,2024-10-13 04:28:26
216,amberjourney32,amberjourney32@hackstack.io,2024-05-18 12:00:39
217,tidyanchor19,tidyanchor19@opswise.net,2024-10-18 20:46:03
218,silverfield45,silverfield45@example.com,2024-12-08 11:55:51
219,amberdelta67,amberdelta67@example.com,2026-01-03 13:01:51
220,mellowzenith50,mellowzenith50@seeded.app,2025-01-12 02:06:10
221,mellowtrail51,mellowtrail51@opswise.net,2024-08-01 15:15:59
222,vividkernel51,vividkernel51@relay.cloud,2024-08-28 09:47:50
223,navyisland23,navyisland23@hackstack.io,2025-12-16 23:38:39
224,keenharvest39,keenharvest39@opswise.net,2025-04-25 16:35:39
225,keenisland16,keenisland16@relay.cloud,2025-06-10 08:40:27
226,amberyard82,amberyard82@example.com,2025-07-07 10:32:19
227,mellowanchor50,mellowanchor50@hackstack.io,2025-03-17 07:57:30
228,harborgarden63,harborgarden63@hackstack.io,2024-02-22 05:32:01
229,proudkernel65,proudkernel65@hackstack.io,2025-04-05 18:56:06
230,emberpioneer06,emberpioneer06@hackstack.io,2024-05-12 17:10:15
231,quietjourney37,quietjourney37@example.com,2025-12-12 23:16:30
232,vividuplink00,vividuplink00@hackstack.io,2024-08-21 12:31:01
233,rapidfield51,rapidfield51@acme.dev,2024-10-18 08:33:35
234,silverharvest79,silverharvest79@acme.dev,2026-01-10 22:15:20
235,youngengine71,youngengine71@acme.dev,2024-03-19 08:29:44
236,forestquartz24,forestquartz24@seeded.app,2025-10-18 16:33:08
237,rapidtrail57,rapidtrail57@example.com,2025-03-12 21:34:10
238,navymeadow69,navymeadow69@hackstack.io,2025-03-28 17:22:44
239,livelylagoon46,livelylagoon46@example.com,2024-08-03 18:40:42
240,keenkernel01,keenkernel01@seeded.app,2024-01-04 03:19:19
241,quiettrail13,quiettrail13@hackstack.io,2024-11-26 21:25:45
242,tidynetwork70,tidynetwork70@opswise.net,2024-05-29 17:25:23
243,keenfield61,keenfield61@hackstack.io,2025-04-14 20:02:55
244,calmuplink12,calmuplink12@hackstack.io,2025-04-16 01:35:01
245,keenquartz63,keenquartz63@hackstack.io,2026-01-05 01:05:52
246,harboryard88,harboryard88@hackstack.io,2024-08-25 23:19:05
247,opalriver63,opalriver63@acme.dev,2024-07-12 22:36:15
248,tidyengine71,tidyengine71@acme.dev,2024-11-13 15:20:46
249,rapidengine54,rapidengine54@opswise.net,2024-07-23 00:36:43
250,clearvalley21,clearvalley21@opswise.net,2025-06-13 12:35:46
251,keenanchor21,keenanchor21@seeded.app,2024-02-17 14:13:26
252,clearbeacon12,clearbeacon12@relay.cloud,2024-11-22 14:42:26
253,navytrail37,navytrail37@example.com,2025-09-28 10:01:44
254,vividkernel33,vividkernel33@acme.dev,2024-08-26 23:40:25
255,emberlagoon03,emberlagoon03@hackstack.io,2024-11-13 08:19:50
256,opalengine54,opalengine54@acme.dev,2024-12-12 16:48:12
257,amberjourney57,amberjourney57@seeded.app,2025-10-05 04:14:28
258,mellowgarden96,mellowgarden96@acme.dev,2024-11-07 12:01:47
259,calmwindow86,calmwindow86@example.com,2024-01-20 14:32:09
260,rapidjourney40,rapidjourney40@hackstack.io,2024-02-27 02:24:03
261,jadeengine38,jadeengine38@opswise.net,2025-02-11 03:52:00
262,youngharvest15,youngharvest15@acme.dev,2025-12-23 16:29:43
263,goldwindow06,goldwindow06@seeded.app,2025-01-07 20:06:55
264,goldyard79,goldyard79@seeded.app,2024-10-08 09:50:17
265,forestvalley62,forestvalley62@opswise.net,2024-12-08 16:42:15
266,harborengine99,harborengine99@hackstack.io,2024-11-10 17:06:50
267,opalwindow09,opalwindow09@acme.dev,2025-11-28 17:40:09
268,calmvalley58,calmvalley58@opswise.net,2024-02-03 21:42:49
269,vividengine35,vividengine35@example.com,2024-05-18 21:19:36
270,dawnorbit64,dawnorbit64@seeded.app,2024-07-11 17:15:58
271,navydelta74,navydelta74@hackstack.io,2024-09-07 15:50:52
272,clearbeacon61,clearbeacon61@seeded.app,2025-01-24 04:21:55
273,amberuplink69,amberuplink69@hackstack.io,2024-05-15 07:42:16
274,forestgarden78,forestgarden78@example.com,2025-11-22 04:16:15
275,mellowlagoon19,mellowlagoon19@example.com,2024-07-27 02:10:20
276,younganchor21,younganchor21@seeded.app,2024-10-02 16:19:17
277,opalwindow25,opalwindow25@acme.dev,2025-05-23 19:03:44
278,opalyard67,opalyard67@relay.cloud,2024-10-29 17:04:41
279,warmbeacon90,warmbeacon90@acme.dev,2025-03-19 08:40:10
280,forestlagoon01,forestlagoon01@example.com,2024-10-12 13:49:46
281,warmmeadow66,warmmeadow66@example.com,2025-02-09 08:42:32
282,goldbeacon94,goldbeacon94@opswise.net,2024-03-27 16:10:32
283,clearorbit97,clearorbit97@relay.cloud,2024-11-26 12:56:22
284,harborlagoon02,harborlagoon02@hackstack.io,2025-04-02 03:34:34
285,goldcanyon25,goldcanyon25@acme.dev,2024-03-01 23:40:54
286,dawntrail82,dawntrail82@relay.cloud,2024-05-09 12:52:36
287,clearmeadow98,clearmeadow98@example.com,2025-03-26 20:04:56
288,goldisland74,goldisland74@hackstack.io,2025-06-15 07:25:07
289,emberpioneer87,emberpioneer87@acme.dev,2024-05-28 19:50:50
290,mellowlagoon70,mellowlagoon70@relay.cloud,2025-12-22 02:56:22
291,youngisland82,youngisland82@relay.cloud,2024-12-24 00:11:32
292,emberorbit43,emberorbit43@relay.cloud,2025-12-20 00:53:40
293,rapidjourney37,rapidjourney37@example.com,2025-06-20 13:12:33
294,urbanuplink25,urbanuplink25@opswise.net,2025-09-21 02:34:31
295,amberkernel13,amberkernel13@opswise.net,2025-05-19 01:17:54
296,quietkernel72,quietkernel72@seeded.app,2025-11-24 04:22:53
297,quietlagoon80,quietlagoon80@acme.dev,2025-12-15 13:17:57
298,keenharvest68,keenharvest68@hackstack.io,2025-01-24 16:17:50
299,briskvalley88,briskvalley88@acme.dev,2025-05-06 06:21:29
300,rapidlagoon65,rapidlagoon65@opswise.net,2025-03-23 15:21:25
301,vividzenith18,vividzenith18@relay.cloud,2025-04-02 02:13:17
302,ivorykernel54,ivorykernel54@acme.dev,2025-10-12 00:56:30
303,silverlagoon73,silverlagoon73@hackstack.io,2025-05-21 19:00:56
304,rapidanchor61,rapidanchor61@relay.cloud,2024-06-04 21:56:00
305,clearkernel99,clearkernel99@example.com,2024-09-14 17:52:18
306,keenanchor49,keenanchor49@hackstack.io,2025-07-26 08:27:40
307,cobaltvalley37,cobaltvalley37@acme.dev,2025-01-18 19:45:07
308,jadevalley43,jadevalley43@seeded.app,2024-01-24 17:33:14
309,vividlagoon13,vividlagoon13@acme.dev,2025-11-20 07:14:52
310,warmwindow59,warmwindow59@example.com,2025-03-09 21:46:54
311,proudmeadow78,proudmeadow78@opswise.net,2024-06-01 03:28:11
312,emberengine10,emberengine10@hackstack.io,2024-08-02 02:20:36
313,harboranchor90,harboranchor90@acme.dev,2024-12-10 08:23:57
314,opalyard41,opalyard41@acme.dev,2024-09-07 05:57:01
315,dawnwindow41,dawnwindow41@hackstack.io,2024-06-13 00:35:56
316,goldisland03,goldisland03@acme.dev,2025-11-28 00:21:04
317,vividdelta55,vividdelta55@example.com,2024-02-24 08:45:53
318,forestdelta57,forestdelta57@example.com,2024-07-27 00:09:15
319,urbandelta21,urbandelta21@hackstack.io,2024-11-09 13:00:35
320,ivoryisland25,ivoryisland25@hackstack.io,2025-01-09 22:55:35
321,opalnetwork60,opalnetwork60@acme.dev,2025-04-17 01:26:35
322,ivoryanchor07,ivoryanchor07@relay.cloud,2025-04-04 22:43:15
323,cleardelta02,cleardelta02@relay.cloud,2024-08-29 05:16:11
324,keenharvest85,keenharvest85@hackstack.io,2025-12-22 19:01:05
325,silverwindow17,silverwindow17@relay.cloud,2026-01-07 00:48:37
326,clearfield56,clearfield56@acme.dev,2024-12-04 03:31:13
327,calmsignal91,calmsignal91@acme.dev,2025-10-04 02:18:03
328,opalengine49,opalengine49@acme.dev,2024-08-09 20:47:50
329,calmvalley49,calmvalley49@hackstack.io,2024-09-17 19:48:04
330,urbangarden83,urbangarden83@acme.dev,2024-12-22 07:54:16
331,ivoryriver05,ivoryriver05@opswise.net,2024-01-04 23:19:28
332,dawnisland50,dawnisland50@acme.dev,2024-11-06 15:19:20
333,quietmeadow61,quietmeadow61@seeded.app,2026-01-20 12:10:44
334,urbandelta41,urbandelta41@hackstack.io,2024-07-15 03:49:59
335,jadedelta87,jadedelta87@seeded.app,2024-09-01 11:59:37
336,vividengine93,vividengine93@opswise.net,2025-06-19 22:23:20
337,vividyard56,vividyard56@acme.dev,2024-01-03 11:29:45
338,vividyard89,vividyard89@opswise.net,2025-09-06 02:00:35
339,livelydelta58,livelydelta58@seeded.app,2025-02-13 22:28:11
340,warmnetwork40,warmnetwork40@seeded.app,2026-01-31 17:52:05
341,rapidmeadow01,rapidmeadow01@seeded.app,2025-08-28 06:53:40
342,embermeadow30,embermeadow30@opswise.net,2024-08-19 10:24:48
343,amberorbit99,amberorbit99@hackstack.io,2025-01-03 16:46:43
344,tidysignal05,tidysignal05@example.com,2024-11-05 14:27:56
345,navyzenith65,navyzenith65@example.com,2024-05-08 11:55:40
346,silvertrail76,silvertrail76@relay.cloud,2024-10-14 05:22:24
347,navyanchor96,navyanchor96@opswise.net,2024-08-30 01:57:09
348,proudcanyon97,proudcanyon97@hackstack.io,2024-05-06 15:05:09
349,warmriver56,warmriver56@relay.cloud,2025-07-25 04:02:47
350,calmsignal98,calmsignal98@acme.dev,2025-04-30 00:14:51
351,jadecanyon67,jadecanyon67@opswise.net,2024-08-19 09:48:45
352,dawnquartz45,dawnquartz45@seeded.app,2024-07-27 04:42:44
353,rapiddelta51,rapiddelta51@example.com,2024-03-07 00:27:30
354,tidygarden46,tidygarden46@acme.dev,2025-09-06 22:51:36
355,ivorykernel31,ivorykernel31@relay.cloud,2024-12-24 18:16:01
356,rapidriver44,rapidriver44@seeded.app,2024-03-18 19:47:21
357,keensignal01,keensignal01@example.com,2024-07-08 06:41:59
358,tidyengine60,tidyengine60@example.com,2024-07-25 17:11:51
359,goldharvest65,goldharvest65@opswise.net,2024-04-12 02:47:57
360,vividdelta14,vividdelta14@opswise.net,2024-09-13 00:25:56
361,briskorbit08,briskorbit08@acme.dev,2024-04-23 07:19:46
362,urbansignal46,urbansignal46@acme.dev,2024-06-07 15:09:57
363,keenpioneer91,keenpioneer91@hackstack.io,2024-12-28 18:21:23
364,youngjourney89,youngjourney89@acme.dev,2025-08-22 11:46:19
365,mellowbeacon57,mellowbeacon57@hackstack.io,2024-09-24 14:38:46
366,mellowmeadow66,mellowmeadow66@opswise.net,2024-07-09 04:09:26
367,cobaltkernel84,cobaltkernel84@relay.cloud,2024-12-17 00:40:20
368,mellowpioneer11,mellowpioneer11@hackstack.io,2024-01-15 17:13:05
369,mellowyard39,mellowyard39@hackstack.io,2024-12-04 19:26:23
370,urbanfield49,urbanfield49@acme.dev,2026-01-18 13:19:12
371,mellowisland97,mellowisland97@acme.dev,2025-06-29 07:12:36
372,silverorbit24,silverorbit24@relay.cloud,2025-03-03 13:44:53
373,quietsignal38,quietsignal38@acme.dev,2024-01-20 13:04:49
374,keengarden22,keengarden22@example.com,2024-01-08 19:49:17
375,keenlagoon39,keenlagoon39@opswise.net,2024-02-18 06:13:36
376,livelyuplink56,livelyuplink56@acme.dev,2025-01-08 01:27:14
377,rapidpioneer82,rapidpioneer82@acme.dev,2024-01-18 10:11:47
378,vividengine41,vividengine41@seeded.app,2025-11-30 21:49:00
379,cobaltbeacon26,cobaltbeacon26@relay.cloud,2025-05-08 05:28:05
380,rapidriver18,rapidriver18@relay.cloud,2025-10-14 09:41:07
381,navybeacon22,navybeacon22@relay.cloud,2025-08-13 04:30:32
382,opalkernel61,opalkernel61@hackstack.io,2024-06-08 21:19:10
383,proudsignal20,proudsignal20@relay.cloud,2024-02-01 14:37:49
384,goldquartz15,goldquartz15@seeded.app,2025-04-10 14:03:16
385,quietzenith03,quietzenith03@example.com,2024-08-20 00:32:40
386,mellowvalley38,mellowvalley38@seeded.app,2024-09-15 02:29:04
387,harborwindow65,harborwindow65@relay.cloud,2025-07-07 06:05:13
388,urbanisland91,urbanisland91@opswise.net,2025-11-03 21:44:30
389,proudwindow39,proudwindow39@example.com,2024-10-15 21:37:36
390,rapiddelta92,rapiddelta92@opswise.net,2024-04-02 17:26:38
391,proudbeacon73,proudbeacon73@relay.cloud,2024-10-10 15:23:02
392,quietwindow83,quietwindow83@example.com,2024-02-15 07:39:16
393,warmriver65,warmriver65@seeded.app,2024-08-30 23:06:51
394,emberorbit87,emberorbit87@hackstack.io,2024-05-18 13:27:09
395,mellowmeadow08,mellowmeadow08@opswise.net,2026-01-03 16:42:42
396,vividyard27,vividyard27@seeded.app,2025-11-21 03:10:34
397,clearmeadow80,clearmeadow80@acme.dev,2025-01-16 20:50:33
398,goldjourney03,goldjourney03@opswise.net,2024-03-20 03:17:52
399,livelyanchor92,livelyanchor92@seeded.app,2025-08-19 07:30:23
400,goldjourney56,goldjourney56@relay.cloud,2025-08-16 06:01:30
